model_id,model,combination_id,combination,disk_prefix,best_row_index,weight,chi2,minuslogpost,minuslogprior,value_provenance,Omega_m,H0rd,chi2__bao_LCDM_H0rd,H0,chi2__sn_LCDM,omega_b,chi2__cmb_LCDM,rd_eff,chi2__bao_LCDM,w0,wa,chi2__bao_CPL_H0rd,chi2__sn_CPL,chi2__cmb_CPL,chi2__bao_CPL,w2,chi2__bao_CPLn2_H0rd,chi2__sn_CPLn2,chi2__cmb_CPLn2,chi2__bao_CPLn2,we,chi2__bao_exp_H0rd,chi2__sn_exp,chi2__cmb_exp_loose,chi2__bao_exp,selection_provenance
LCDM,LambdaCDM,B,BAO,b_LCDM_H0rd,1733,6.0,12.73884,14.152644,7.783224,LEÍDA,0.29323336,10196.099,12.73884,,,,,,,,,,,,,,,,,,,,,,,CALCULADA
LCDM,LambdaCDM,S,SN,s_LCDM,573,5.0,1135.4194,571.11088,3.4011974,LEÍDA,0.34144453,,,72.956334,1135.4194,,,,,,,,,,,,,,,,,,,,,CALCULADA
LCDM,LambdaCDM,C,CMB,c_LCDM,115,6.0,0.0037897886,-1.8952251,-1.89712,LEÍDA,0.31710106,,,67.32969,,0.022366704,0.0037897886,,,,,,,,,,,,,,,,,,,CALCULADA
LCDM,LambdaCDM,BS,BAO + SN,bs_LCDM_H0rd_sep,1688,2.0,1151.992,587.69125,11.695247,LEÍDA,0.31220887,10049.223,14.265539,73.285948,1137.7265,,,137.12347,,,,,,,,,,,,,,,,,,CALCULADA
LCDM,LambdaCDM,CB,CMB + BAO,cb_LCDM_sep,3124,1.0,17.783618,6.9946889,-1.89712,LEÍDA,0.30631456,,,68.121296,,0.022493236,2.1567064,,15.626911,,,,,,,,,,,,,,,,,CALCULADA
LCDM,LambdaCDM,CS,CMB + SN,cs_LCDM_sep,3250,2.0,1305.1228,650.66429,-1.89712,LEÍDA,0.24663982,,,73.414999,1179.8013,0.023567647,125.32148,,,,,,,,,,,,,,,,,,,CALCULADA
LCDM,LambdaCDM,CBS,CMB + BAO + SN,cbs_LCDM_sep,4143,3.0,1360.5045,678.35515,-1.89712,LEÍDA,0.24974846,,,73.154571,1191.9493,0.023609383,116.55832,,51.996961,,,,,,,,,,,,,,,,,CALCULADA
CPL,CPL,B,BAO,b_CPL_H0rd,8382,13.0,7.5453628,15.65025,11.877569,LEÍDA,0.49140524,8259.238,,,,,,,,0.91956426,-6.8084942,7.5453628,,,,,,,,,,,,,,CALCULADA
CPL,CPL,S,SN,s_CPL,12685,7.0,1134.5899,574.79049,7.4955419,LEÍDA,0.33867547,,,72.661656,,,,,,-0.8787573,-0.71633469,,1134.5899,,,,,,,,,,,,,CALCULADA
CPL,CPL,C,CMB,c_CPL,79661,159.0,0.00031286589,2.197381,2.1972246,LEÍDA,0.24142787,,,77.147726,,0.022371792,,,,-0.91953957,-1.8167574,,,0.00031286589,,,,,,,,,,,,CALCULADA
CPL,CPL,BS,BAO + SN,bs_CPL_H0rd_sep,36845,2.0,1146.5054,589.04228,15.789592,LEÍDA,0.31643177,9954.0065,,72.570238,,,,,,-0.81909028,-0.71630307,11.670293,1134.8351,,,,,,,,,,,,,CALCULADA
CPL,CPL,CB,CMB + BAO,cb_CPL_sep,13586,22.0,10.91952,7.6569848,2.1972246,LEÍDA,0.35762542,,,63.444838,,0.022362486,,,,-0.32918374,-2.102608,,,0.062449723,10.857071,,,,,,,,,,,CALCULADA
CPL,CPL,CS,CMB + SN,cs_CPL_sep,11289,1.0,1156.5449,580.46965,2.1972246,LEÍDA,0.27297013,,,72.216208,,0.022541349,,,,-0.54693122,-2.5569768,,1154.4335,2.1113355,,,,,,,,,,,,CALCULADA
CPL,CPL,CBS,CMB + BAO + SN,cbs_CPL_sep,4843,3.0,1201.139,602.76671,2.1972246,LEÍDA,0.27237267,,,72.599981,,0.022471294,,,,-0.66243745,-2.2094411,,1160.4807,0.58436358,40.073899,,,,,,,,,,,CALCULADA
CPL2,CPL2,B,BAO,b_CPLn2_H0rd,11285,27.0,7.9982717,16.690716,12.69158,LEÍDA,0.42734517,8856.3904,,,,,,,,-0.11202017,,,,,,-10.24612,7.9982717,,,,,,,,,CALCULADA
CPL2,CPL2,S,SN,s_CPLn2,9384,4.0,1134.5951,575.60711,8.3095538,LEÍDA,0.21215927,,,72.74989,,,,,,-0.77395555,,,,,,1.0455729,,1134.5951,,,,,,,,CALCULADA
CPL2,CPL2,C,CMB,c_CPLn2,67796,142.0,0.001689774,3.0120813,3.0112365,LEÍDA,0.24545235,,,76.524612,,0.022372994,,,,-0.94839807,,,,,,-5.2536488,,,0.001689774,,,,,,,CALCULADA
CPL2,CPL2,BS,BAO + SN,bs_CPLn2_H0rd_sep,37949,7.0,1146.1722,589.68969,16.603603,LEÍDA,0.32435807,9957.6461,,72.629584,,,,,,-0.88295715,,,,,,-1.9342196,11.207054,1134.9651,,,,,,,,CALCULADA
CPL2,CPL2,CB,CMB + BAO,cb_CPLn2,11034,8.0,11.686805,8.8546387,3.0112365,LEÍDA,0.33438434,,,65.599761,,0.02236689,,,,-0.70146072,,,,,,-2.5689592,,,0.047819546,11.638985,,,,,,CALCULADA
CPL2,CPL2,CS,CMB + SN,cs_CPLn2,11566,1.0,1150.5291,578.27577,3.0112365,LEÍDA,0.27135022,,,72.445942,,0.022514578,,,,-0.71563965,,,,,,-5.9109688,,1148.8258,1.703276,,,,,,,CALCULADA
CPL2,CPL2,CBS,CMB + BAO + SN,cbs_CPLn2,2356,5.0,1199.9864,603.00442,3.0112365,LEÍDA,0.27106613,,,72.900842,,0.022439651,,,,-0.83619845,,,,,,-4.8450648,,1156.5773,0.58416288,42.824858,,,,,,CALCULADA
EXP,Exponential,B,BAO,b_exp_H0rd,46615,19.0,8.4429929,16.170739,11.949243,LEÍDA,0.40574868,9076.8634,,,,,,,,-0.24944869,,,,,,,,,,,4.6532787,8.4429929,,,,CALCULADA
EXP,Exponential,S,SN,s_exp,6617,6.0,1134.6086,574.87152,7.5672164,LEÍDA,0.33241324,,,72.673269,,,,,,-0.88302533,,,,,,,,,,,0.57715044,,1134.6086,,,CALCULADA
EXP,Exponential,C,CMB,c_exp,623408,14.0,6.6008039e-05,2.268932,2.268899,LEÍDA,0.48358175,,,54.514886,,0.022372004,,,,-0.62363667,,,,,,,,,,,-0.42146053,,,6.6008039e-05,,CALCULADA
EXP,Exponential,BS,BAO + SN,bs_exp_H0rd_sep,15533,1.0,1146.4632,589.09286,15.861266,LEÍDA,0.3163812,9963.4785,,72.585645,,,,,,-0.83124408,,,,,,,,,,,0.71036987,11.655012,1134.8082,,,CALCULADA
EXP,Exponential,CB,CMB + BAO,cb_exp,66560,14.0,11.40581,7.971804,2.268899,LEÍDA,0.33576154,,,65.432705,,0.022350928,,,,-0.60334379,,,,,,,,,,,1.5749057,,,0.024829189,11.380981,CALCULADA
EXP,Exponential,CS,CMB + SN,cs_exp,14695,6.0,1152.4381,578.48797,2.268899,LEÍDA,0.27390035,,,72.184113,,0.022467539,,,,-0.60311362,,,,,,,,,,,2.516686,,1151.4595,0.97865934,,CALCULADA
EXP,Exponential,CBS,CMB + BAO + SN,cbs_exp,2064,4.0,1200.2917,602.41475,2.268899,LEÍDA,0.27234895,,,72.71694,,0.022435922,,,,-0.73451701,,,,,,,,,,,1.9092046,,1159.2654,0.50993209,40.516336,CALCULADA
