model_id,model,combination_id,combination,datasets,disk_prefix,n_rows,sum_weights,min_weight,max_weight,n_zero_weight,n_negative_weight,n_nonfinite_cells,n_rows_with_nonfinite,N_last,acceptance_rate_last,Rminus1_checkpoint,Rminus1_cl_last,Rminus1_stop,converged_checkpoint,min_N_eff,min_N_eff_parameter,min_N_eff_fraction,max_correlation_length,max_corr_parameter,max_stability_shift,max_edge_enrichment,n_high_weight_rows,high_weight_row_fraction,high_weight_weight_fraction,classification,numerical_classification,graphical_assessment,graphical_conclusion,graphical_reviewed
LCDM,LambdaCDM,B,BAO,BAO,b_LCDM_H0rd,2400,8423.0,1.0,39.0,0,0,0,0,1920.0,0.288375,0.0043913540969071916,0.107082,0.005,True,981.5907478129432,Omega_m,0.11653695213260634,8.580969226500013,Omega_m,0.02664738925293197,0.0,11,0.004583333333333333,0.028255965807906923,VÁLIDA CON OBSERVACIONES,VÁLIDA CON OBSERVACIONES,OBSERVATION_CONFIRMED,"Multiplicidades elevadas puntuales, sin evidencia de atrapamiento persistente.",True
LCDM,LambdaCDM,S,SN,SN,s_LCDM,3520,11494.0,1.0,23.0,0,0,0,0,2816.0,0.300887,0.004714569849369283,0.100362,0.005,True,1436.5648916172663,H0,0.12498389521639693,8.001030838962103,H0,0.08047479044859522,0.0,1,0.0002840909090909091,0.002001044022968505,VÁLIDA CON OBSERVACIONES,VÁLIDA CON OBSERVACIONES,OBSERVATION_CONFIRMED,"Una multiplicidad elevada aislada, sin estructura temporal anómala.",True
LCDM,LambdaCDM,C,CMB,CMB,c_LCDM,6480,21536.0,1.0,27.0,0,0,0,0,5184.0,0.299359,0.004508540699304744,0.081387,0.005,True,1787.6337425151137,omega_b,0.08300676739018915,12.047210503925651,omega_b,0.04866054450908399,0.0,0,0.0,0.0,VÁLIDA,VÁLIDA,NOT_SELECTED,No seleccionada para revisión gráfica; se conserva la clasificación derivada de los diagnósticos numéricos.,False
LCDM,LambdaCDM,BS,BAO + SN,BAO + SN,bs_LCDM_H0rd_sep,18360,26920.0,1.0,9.0,0,0,0,0,14688.0,0.681578,0.004286324744238942,0.080677,0.005,True,1881.1754598972748,H0,0.06988021767820486,14.310201559545126,H0,0.06788025658062621,0.0,0,0.0,0.0,VÁLIDA,VÁLIDA,NOT_SELECTED,No seleccionada para revisión gráfica; se conserva la clasificación derivada de los diagnósticos numéricos.,False
LCDM,LambdaCDM,CB,CMB + BAO,CMB + BAO,cb_LCDM_sep,5040,16633.0,1.0,23.0,0,0,0,0,4032.0,0.300045,0.0047995826884709636,0.072152,0.005,True,1279.2174222450917,Omega_m,0.0769084003033182,13.002480822070293,Omega_m,0.004135238619381191,0.0,0,0.0,0.0,VÁLIDA,VÁLIDA,NO_ADDITIONAL_ANOMALY,Trazas estacionarias y homogéneas.,True
LCDM,LambdaCDM,CS,CMB + SN,CMB + SN,cs_LCDM_sep,5200,8399.0,1.0,10.0,0,0,0,0,4160.0,0.62034,0.004893670596781661,0.078169,0.005,True,837.0854101818113,H0,0.09966488988948818,10.033623687427276,H0,0.013645383458179092,0.0,0,0.0,0.0,VÁLIDA,VÁLIDA,NO_ADDITIONAL_ANOMALY,Trazas estacionarias y homogéneas.,True
LCDM,LambdaCDM,CBS,CMB + BAO + SN,CMB + BAO + SN,cbs_LCDM_sep,5120,8222.0,1.0,9.0,0,0,0,0,4096.0,0.618357,0.0031632427104456348,0.071451,0.005,True,597.1831347115213,Omega_m,0.07263234428503057,13.767970865372423,Omega_m,0.08147382412326895,0.0,0,0.0,0.0,VÁLIDA,VÁLIDA,NOT_SELECTED,No seleccionada para revisión gráfica; se conserva la clasificación derivada de los diagnósticos numéricos.,False
CPL,CPL,B,BAO,BAO,b_CPL_H0rd,12480,59177.0,1.0,76.0,0,0,0,0,9984.0,0.210708,0.004666436781217999,0.060992,0.005,True,1279.8328961068798,H0rd,0.02162720138072021,46.238067625867686,H0rd,0.06579606944401975,3.851158389239062,0,0.0,0.0,VÁLIDA CON OBSERVACIONES,VÁLIDA CON OBSERVACIONES,PRIOR_SENSITIVITY_CONFIRMED,"La cadena es técnicamente estable, pero la marginal BAO-only de H0rd alcanza el límite inferior al ampliar el espacio paramétrico de CPL. La comparación con las ejecuciones exploratorias confirma sensibilidad al volumen de prior y una degeneración extensa, no un fallo técnico de muestreo.",True
CPL,CPL,S,SN,SN,s_CPL,23680,147431.0,1.0,131.0,0,0,0,0,18944.0,0.156337,0.00415279088698068,0.055107,0.005,True,1203.7661532377542,Omega_m,0.00816494599668831,122.47478432871429,Omega_m,0.07843806513426538,0.4507871478861298,0,0.0,0.0,VÁLIDA,VÁLIDA,NOT_SELECTED,No seleccionada para revisión gráfica; se conserva la clasificación derivada de los diagnósticos numéricos.,False
CPL,CPL,C,CMB,CMB,c_CPL,191600,18584917.0,1.0,9782.0,0,0,0,0,153280.0,0.010113,0.004756901257681748,0.071224,0.005,True,1956.6435811495483,Omega_m,0.00010528126550952841,9498.366068837724,Omega_m,0.08539996536421057,1.7788693917761373,0,0.0,0.0,VÁLIDA CON OBSERVACIONES,VÁLIDA CON OBSERVACIONES,OBSERVATION_CONFIRMED,"Posterior continuo y fuertemente degenerado; muestreo muy ineficiente pero sin deriva, atrapamiento o modos desconectados.",True
CPL,CPL,BS,BAO + SN,BAO + SN,bs_CPL_H0rd_sep,205920,422947.0,1.0,21.0,0,0,0,0,164736.0,0.471924,0.004957449291102282,0.027954,0.005,True,1136.5641817452936,Omega_m,0.002687249659520681,372.1276869296795,Omega_m,0.024258276374865287,0.19505990112236285,0,0.0,0.0,VÁLIDA,VÁLIDA,NO_ADDITIONAL_ANOMALY,Trazas estacionarias y sin anomalías macroscópicas adicionales.,True
CPL,CPL,CB,CMB + BAO,CMB + BAO,cb_CPL_sep,25400,326727.0,1.0,166.0,0,0,0,0,20320.0,0.075063,0.0036113117164840915,0.031215,0.005,True,753.27350627149,H0,0.0023055134906863834,433.7428533989129,H0,0.055018060774378375,0.0,0,0.0,0.0,VÁLIDA,VÁLIDA,NOT_SELECTED,No seleccionada para revisión gráfica; se conserva la clasificación derivada de los diagnósticos numéricos.,False
CPL,CPL,CS,CMB + SN,CMB + SN,cs_CPL_sep,26040,75027.0,1.0,26.0,0,0,0,0,20832.0,0.345805,0.004466979798938067,0.060399,0.005,True,2331.9520308181923,wa,0.031081504402657608,32.173474843595265,wa,0.03543269680196949,0.0,0,0.0,0.0,VÁLIDA,VÁLIDA,NOT_SELECTED,No seleccionada para revisión gráfica; se conserva la clasificación derivada de los diagnósticos numéricos.,False
CPL,CPL,CBS,CMB + BAO + SN,CMB + BAO + SN,cbs_CPL_sep,23800,67929.0,1.0,34.0,0,0,0,0,19040.0,0.350361,0.0032558562576545506,0.041494,0.005,True,2167.3962936037437,wa,0.03190678934775639,31.34129194576319,wa,0.045003903853867606,0.0,0,0.0,0.0,VÁLIDA,VÁLIDA,NOT_SELECTED,No seleccionada para revisión gráfica; se conserva la clasificación derivada de los diagnósticos numéricos.,False
CPL2,CPL2,B,BAO,BAO,b_CPLn2_H0rd,12960,59853.0,1.0,63.0,0,0,0,0,10368.0,0.215659,0.004286163719981826,0.051762,0.005,True,1032.5836716077488,H0rd,0.01725199524848794,57.964309959315884,H0rd,0.04779959727422807,1.4174728083805324,0,0.0,0.0,VÁLIDA,VÁLIDA,NO_ADDITIONAL_ANOMALY,"H0rd alcanza el límite inferior del prior, pero presenta un máximo posterior interior; no se observa evidencia de truncamiento.",True
CPL2,CPL2,S,SN,SN,s_CPLn2,15680,108138.0,1.0,120.0,0,0,0,0,12544.0,0.145143,0.004899036217041593,0.039845,0.005,True,841.9252986842276,Omega_m,0.007785656278867998,128.44132391436574,Omega_m,0.0596290906231805,0.5890621243226247,0,0.0,0.0,VÁLIDA,VÁLIDA,NOT_SELECTED,No seleccionada para revisión gráfica; se conserva la clasificación derivada de los diagnósticos numéricos.,False
CPL2,CPL2,C,CMB,CMB,c_CPLn2,111200,10670804.0,1.0,2254.0,0,0,0,0,88960.0,0.01036,0.004612323132509716,0.078222,0.005,True,1172.0996699581508,Omega_m,0.00010984173919398678,9104.007341270726,Omega_m,0.11258892069725539,1.4062895354464384,0,0.0,0.0,VÁLIDA CON OBSERVACIONES,VÁLIDA CON OBSERVACIONES,OBSERVATION_CONFIRMED,"Posterior continuo y fuertemente degenerado; muestreo muy ineficiente pero sin deriva, atrapamiento o modos desconectados.",True
CPL2,CPL2,BS,BAO + SN,BAO + SN,bs_CPLn2_H0rd_sep,120000,594105.0,1.0,81.0,0,0,0,0,96000.0,0.19251,0.004604021663196281,0.043279,0.005,True,997.1528832983188,Omega_m,0.001678411868774575,595.801315877318,Omega_m,0.0599603571541185,0.5012581951001926,0,0.0,0.0,VÁLIDA,VÁLIDA,NOT_SELECTED,No seleccionada para revisión gráfica; se conserva la clasificación derivada de los diagnósticos numéricos.,False
CPL2,CPL2,CB,CMB + BAO,CMB + BAO,cb_CPLn2,38000,334868.0,1.0,146.0,0,0,0,0,30400.0,0.111225,0.004917021268791641,0.046372,0.005,True,1664.0472839605816,H0,0.00496926336335685,201.23707014081003,H0,0.04002849824894067,0.0,0,0.0,0.0,VÁLIDA,VÁLIDA,NOT_SELECTED,No seleccionada para revisión gráfica; se conserva la clasificación derivada de los diagnósticos numéricos.,False
CPL2,CPL2,CS,CMB + SN,CMB + SN,cs_CPLn2,18800,60396.0,1.0,37.0,0,0,0,0,15040.0,0.311846,0.004902795835285975,0.064289,0.005,True,2479.6982150486633,w2,0.04105732523757639,24.3561896498017,w2,0.0274789758518848,0.0,0,0.0,0.0,VÁLIDA,VÁLIDA,NOT_SELECTED,No seleccionada para revisión gráfica; se conserva la clasificación derivada de los diagnósticos numéricos.,False
CPL2,CPL2,CBS,CMB + BAO + SN,CMB + BAO + SN,cbs_CPLn2,12000,38453.0,1.0,31.0,0,0,0,0,9600.0,0.307949,0.004433011903809186,0.060371,0.005,True,1628.0831804607778,omega_b,0.04233956207476082,23.618572110742576,omega_b,0.08968905202303926,0.0,0,0.0,0.0,VÁLIDA,VÁLIDA,NOT_SELECTED,No seleccionada para revisión gráfica; se conserva la clasificación derivada de los diagnósticos numéricos.,False
EXP,Exponential,B,BAO,BAO,b_exp_H0rd,74720,982151.0,1.0,370.0,0,0,0,0,59776.0,0.073869,0.004706179731522793,0.035381,0.005,True,2012.592428405265,Omega_m,0.002049168028546797,488.00292902733185,Omega_m,0.07370866202049436,0.21717638122854835,0,0.0,0.0,VÁLIDA,VÁLIDA,NOT_SELECTED,No seleccionada para revisión gráfica; se conserva la clasificación derivada de los diagnósticos numéricos.,False
EXP,Exponential,S,SN,SN,s_exp,21440,122163.0,1.0,188.0,0,0,0,0,17152.0,0.174508,0.0042150696461530635,0.06128,0.005,True,1791.4686383221128,Omega_m,0.014664576330984936,68.19153703657224,Omega_m,0.041848644116247044,0.6800749817866293,0,0.0,0.0,VÁLIDA,VÁLIDA,NOT_SELECTED,No seleccionada para revisión gráfica; se conserva la clasificación derivada de los diagnósticos numéricos.,False
EXP,Exponential,C,CMB,CMB,c_exp,3567400,138196999.0,1.0,5908.0,0,0,0,0,2853920.0,0.025855,0.0046881337948928,0.039093,0.005,True,1483.738951485266,Omega_m,1.0736405003159771e-05,93141.04671961383,Omega_m,0.025399907896397837,0.9337971224686289,0,0.0,0.0,VÁLIDA CON OBSERVACIONES,VÁLIDA CON OBSERVACIONES,OBSERVATION_CONFIRMED,"Exploración extremadamente lenta de degeneraciones continuas, sin evidencia de no estacionariedad o modos desconectados.",True
EXP,Exponential,BS,BAO + SN,BAO + SN,bs_exp_H0rd_sep,37400,150221.0,1.0,73.0,0,0,0,0,29920.0,0.255884,0.004172320946660002,0.04826,0.005,True,630.8176611133715,Omega_m,0.004199264158229352,238.13695979098793,Omega_m,0.13577609753090952,0.06963074403711865,0,0.0,0.0,VÁLIDA,VÁLIDA,NOT_SELECTED,No seleccionada para revisión gráfica; se conserva la clasificación derivada de los diagnósticos numéricos.,False
EXP,Exponential,CB,CMB + BAO,CMB + BAO,cb_exp,109400,1746781.0,1.0,546.0,0,0,0,0,87520.0,0.060261,0.004547621923305825,0.023815,0.005,True,1282.2597400896277,we,0.0007340701210338489,1362.2676789945094,we,0.12194297560064972,0.0,0,0.0,0.0,VÁLIDA,VÁLIDA,NOT_SELECTED,No seleccionada para revisión gráfica; se conserva la clasificación derivada de los diagnósticos numéricos.,False
EXP,Exponential,CS,CMB + SN,CMB + SN,cs_exp,28800,107771.0,1.0,42.0,0,0,0,0,23040.0,0.264803,0.0036610128240726135,0.056643,0.005,True,2050.8190073231153,w0,0.01902941428884501,52.55022486878103,w0,0.023885327575469795,0.0,0,0.0,0.0,VÁLIDA,VÁLIDA,NOT_SELECTED,No seleccionada para revisión gráfica; se conserva la clasificación derivada de los diagnósticos numéricos.,False
EXP,Exponential,CBS,CMB + BAO + SN,CMB + BAO + SN,cbs_exp,19600,68618.0,1.0,31.0,0,0,0,0,15680.0,0.286168,0.003583849726590687,0.034081,0.005,True,1904.8980661575047,we,0.02776090918064509,36.02187498589564,we,0.03143779690581705,0.0,0,0.0,0.0,VÁLIDA,VÁLIDA,NO_ADDITIONAL_ANOMALY,Trazas estacionarias y sin anomalías macroscópicas adicionales.,True
