model_id,model,combination_id,combination,disk_prefix,parameter,parameter_type,mean,std,median,q16,q84,q2_5,q97_5,provenance
LCDM,LambdaCDM,B,BAO,b_LCDM_H0rd,Omega_m,sampled,0.29476025053900035,0.014503703213026282,0.29456109,0.28015107,0.3091841,0.26710429,0.32307297,CALCULADA
LCDM,LambdaCDM,B,BAO,b_LCDM_H0rd,H0rd,sampled,10188.723921714354,123.83309012846006,10188.702,10068.2,10309.784,9961.8323,10430.289,CALCULADA
LCDM,LambdaCDM,S,SN,s_LCDM,Omega_m,sampled,0.34211474259874713,0.019616500385955943,0.34151129,0.3228364612,0.36144791279999994,0.30413767,0.38111141774999996,CALCULADA
LCDM,LambdaCDM,S,SN,s_LCDM,H0,sampled,72.94734641647817,0.2684777840105593,72.94680149999999,72.689304,73.211936,72.406428,73.456388,CALCULADA
LCDM,LambdaCDM,C,CMB,c_LCDM,Omega_m,sampled,0.317158675683971,0.007193031351945356,0.31704446,0.309803102,0.32448186,0.30353093000000003,0.33101443375,CALCULADA
LCDM,LambdaCDM,C,CMB,c_LCDM,H0,sampled,67.33531350803307,0.5205185724739844,67.332746,66.8013332,67.860328,66.34325,68.35246925,CALCULADA
LCDM,LambdaCDM,C,CMB,c_LCDM,omega_b,sampled,0.022369803556324296,0.00014176997665489986,0.022371705,0.022225082,0.0225089832,0.0220894975,0.022650037,CALCULADA
LCDM,LambdaCDM,BS,BAO + SN,bs_LCDM_H0rd_sep,Omega_m,sampled,0.31253897331983654,0.012174192819206717,0.31222107,0.3005804244,0.32469596,0.28927824,0.33673977299999996,CALCULADA
LCDM,LambdaCDM,BS,BAO + SN,bs_LCDM_H0rd_sep,H0,sampled,73.28564895921248,0.20978460956599726,73.287937,73.085022,73.489134,72.87516,73.693102,CALCULADA
LCDM,LambdaCDM,BS,BAO + SN,bs_LCDM_H0rd_sep,H0rd,sampled,10049.321252447993,104.30556288467155,10048.7225,9946.080243999999,10152.893,9843.6526725,10254.7807,CALCULADA
LCDM,LambdaCDM,BS,BAO + SN,bs_LCDM_H0rd_sep,rd_eff,derived,137.12401733692423,1.2257100985334255,137.11449499999998,135.9103852,138.3510824,134.7252235,139.53338275,CALCULADA
LCDM,LambdaCDM,CB,CMB + BAO,cb_LCDM_sep,Omega_m,sampled,0.3059928586148019,0.0052082752985584775,0.30579221,0.30072372,0.31141449,0.29605564,0.316032268,CALCULADA
LCDM,LambdaCDM,CB,CMB + BAO,cb_LCDM_sep,H0,sampled,68.15497519701798,0.4009372787041559,68.169728,67.737437,68.552848,67.37608900000001,68.920792,CALCULADA
LCDM,LambdaCDM,CB,CMB + BAO,cb_LCDM_sep,omega_b,sampled,0.022506473706968077,0.00013373271486921267,0.0225088,0.022373544,0.022636281039999998,0.022242704,0.022766355,CALCULADA
LCDM,LambdaCDM,CS,CMB + SN,cs_LCDM_sep,Omega_m,sampled,0.24650833591975238,0.001856574104922871,0.24651798,0.24459243,0.248359442,0.242825572,0.25016066,CALCULADA
LCDM,LambdaCDM,CS,CMB + SN,cs_LCDM_sep,H0,sampled,73.4223088036671,0.17216680713527666,73.425131,73.250098,73.597918,73.106446,73.761619,CALCULADA
LCDM,LambdaCDM,CS,CMB + SN,cs_LCDM_sep,omega_b,sampled,0.023565853484581498,0.00010460428070636694,0.023566798,0.02346203648,0.023669796,0.023356288399999998,0.02376996255,CALCULADA
LCDM,LambdaCDM,CBS,CMB + BAO + SN,cbs_LCDM_sep,Omega_m,sampled,0.2499633288311846,0.0018030271906459617,0.249981795,0.2480682544,0.25174284999999996,0.24659742075,0.25345382925,CALCULADA
LCDM,LambdaCDM,CBS,CMB + BAO + SN,cbs_LCDM_sep,H0,sampled,73.13343360435418,0.1613176113551637,73.129468,72.976295,73.29434896,72.804433,73.456274,CALCULADA
LCDM,LambdaCDM,CBS,CMB + BAO + SN,cbs_LCDM_sep,omega_b,sampled,0.023601978060082705,0.00010546358568593317,0.023601781,0.023495612,0.02370700948,0.023402393724999998,0.023807369,CALCULADA
CPL,CPL,B,BAO,b_CPL_H0rd,Omega_m,sampled,0.44359465271625803,0.05893097836431704,0.45334028,0.37998459,0.50324761,0.31484165,0.53045254,CALCULADA
CPL,CPL,B,BAO,b_CPL_H0rd,H0rd,sampled,8707.436677068794,549.0590032266853,8585.1337,8173.2793,9264.942519999999,8029.6148,10039.762,CALCULADA
CPL,CPL,B,BAO,b_CPL_H0rd,w0,sampled,0.4586349414223052,0.5946637266858362,0.54884423,-0.19161293,1.0614149,-0.85381651,1.3628572,CALCULADA
CPL,CPL,B,BAO,b_CPL_H0rd,wa,sampled,-5.335094347056623,2.1666280739963777,-5.5856536,-7.5008051,-3.00137,-8.9594958,-0.72110392,CALCULADA
CPL,CPL,S,SN,s_CPL,Omega_m,sampled,0.3942843620704601,0.09490211253241843,0.41646911,0.29329299,0.4856291,0.16131268,0.52288611,CALCULADA
CPL,CPL,S,SN,s_CPL,H0,sampled,72.50039365420433,0.4589102798932669,72.505176,72.034772,72.957018,71.59621525,73.383175,CALCULADA
CPL,CPL,S,SN,s_CPL,w0,sampled,-0.8380987658434794,0.1729266026733742,-0.83819628,-1.0058695,-0.67404312,-1.1808582,-0.48605216,CALCULADA
CPL,CPL,S,SN,s_CPL,wa,sampled,-2.932404695141257,2.844600665669621,-2.313854,-6.2356574,-0.029259408,-9.1471881,0.8446727,CALCULADA
CPL,CPL,C,CMB,c_CPL,Omega_m,sampled,0.3000840169422882,0.11870942449417052,0.27189005,0.17763296,0.44336614,0.14842858,0.55017436,CALCULADA
CPL,CPL,C,CMB,c_CPL,H0,sampled,73.33774579751494,14.13782915169761,72.755463,56.954329,89.947916,51.144122,98.379258,CALCULADA
CPL,CPL,C,CMB,c_CPL,omega_b,sampled,0.02236470548957921,0.00014510031527691317,0.022363739,0.02222042,0.022507681,0.022084562,0.022655077,CALCULADA
CPL,CPL,C,CMB,c_CPL,w0,sampled,-0.07611065342689131,0.9145850290613514,-0.1179576,-1.0402196,0.92268289,-1.7521551,1.6956015,CALCULADA
CPL,CPL,C,CMB,c_CPL,wa,sampled,-5.200559676678153,3.1103513563987684,-5.5407736,-8.6628319,-1.5908456,-9.7872157,0.88878986,CALCULADA
CPL,CPL,BS,BAO + SN,bs_CPL_H0rd_sep,Omega_m,sampled,0.3088450882275321,0.035643969092211604,0.31584077,0.29034244,0.33408477,0.19764689,0.35034086,CALCULADA
CPL,CPL,BS,BAO + SN,bs_CPL_H0rd_sep,H0,sampled,72.58751344531821,0.38610307858472387,72.592686,72.198581,72.96943892,71.829797,73.3367995,CALCULADA
CPL,CPL,BS,BAO + SN,bs_CPL_H0rd_sep,H0rd,sampled,9952.005236625155,110.65937357756664,9951.681,9840.908112,10062.534,9738.6851,10170.621,CALCULADA
CPL,CPL,BS,BAO + SN,bs_CPL_H0rd_sep,w0,sampled,-0.8173017344758564,0.08446688527063208,-0.82121367,-0.9013504116,-0.73304382,-0.97092844,-0.64281736,CALCULADA
CPL,CPL,BS,BAO + SN,bs_CPL_H0rd_sep,wa,sampled,-0.6633325124541765,0.6966571003983489,-0.67659208,-1.3506327,0.030964847,-2.013199,0.77139693,CALCULADA
CPL,CPL,CB,CMB + BAO,cb_CPL_sep,Omega_m,sampled,0.3717742067039455,0.04522959843696175,0.36846603,0.32606479,0.41682993,0.29353463,0.47303561,CALCULADA
CPL,CPL,CB,CMB + BAO,cb_CPL_sep,H0,sampled,62.59874645701763,3.681052151041459,62.54856,58.869926,66.388834,55.391786,69.988361,CALCULADA
CPL,CPL,CB,CMB + BAO,cb_CPL_sep,omega_b,sampled,0.022332442679882592,0.0001427664672184322,0.0223304,0.022189881,0.022474838,0.022056624,0.022616243599999995,CALCULADA
CPL,CPL,CB,CMB + BAO,cb_CPL_sep,w0,sampled,-0.16676212709079768,0.45720134782010663,-0.20087533,-0.62794443,0.2886368,-0.95762088,0.84248925,CALCULADA
CPL,CPL,CB,CMB + BAO,cb_CPL_sep,wa,sampled,-2.6429800943936854,1.3530838847304494,-2.5109302,-3.994151,-1.2986094,-5.6671805,-0.42069483,CALCULADA
CPL,CPL,CS,CMB + SN,cs_CPL_sep,Omega_m,sampled,0.2734221175672758,0.003439517246863879,0.27340186,0.27000568,0.2767993,0.26660834,0.28018996249999994,CALCULADA
CPL,CPL,CS,CMB + SN,cs_CPL_sep,H0,sampled,72.20214701118263,0.3671412880541188,72.200718,71.838613,72.566574,71.47434,72.922936,CALCULADA
CPL,CPL,CS,CMB + SN,cs_CPL_sep,omega_b,sampled,0.022510488394164765,0.00013804657354760086,0.022510854,0.022372941,0.02264892156,0.022241220949999998,0.0227826488,CALCULADA
CPL,CPL,CS,CMB + SN,cs_CPL_sep,w0,sampled,-0.5398381622742481,0.07974185517292634,-0.54033898,-0.61720266,-0.46063962,-0.69842099,-0.3837585300000002,CALCULADA
CPL,CPL,CS,CMB + SN,cs_CPL_sep,wa,sampled,-2.620825838804697,0.3705026395469007,-2.6121379,-2.9942311,-2.2559762,-3.36140105,-1.8960017,CALCULADA
CPL,CPL,CBS,CMB + BAO + SN,cbs_CPL_sep,Omega_m,sampled,0.27244556782199064,0.0033691327725425273,0.27251507,0.26903838,0.27578643,0.265892502,0.27902065,CALCULADA
CPL,CPL,CBS,CMB + BAO + SN,cbs_CPL_sep,H0,sampled,72.63112225008464,0.3603161725353264,72.62196,72.278699,72.99291656,71.94644,73.344705,CALCULADA
CPL,CPL,CBS,CMB + BAO + SN,cbs_CPL_sep,omega_b,sampled,0.02247320515120199,0.00013255552887555768,0.022471927,0.022341706,0.022606224520000003,0.0222176776,0.022733936,CALCULADA
CPL,CPL,CBS,CMB + BAO + SN,cbs_CPL_sep,w0,sampled,-0.6669215542280912,0.07643301838667776,-0.66839507,-0.7439824556,-0.59034501,-0.81314712,-0.5186400079999997,CALCULADA
CPL,CPL,CBS,CMB + BAO + SN,cbs_CPL_sep,wa,sampled,-2.2118901712002237,0.35720702911133057,-2.2027912,-2.5784788,-1.854976,-2.9168706,-1.5464773,CALCULADA
CPL2,CPL2,B,BAO,b_CPLn2_H0rd,Omega_m,sampled,0.42857627708970314,0.056827184465351475,0.43265822,0.36987274,0.48651023,0.30923291100000005,0.52460397,CALCULADA
CPL2,CPL2,B,BAO,b_CPLn2_H0rd,H0rd,sampled,8899.955893280203,539.4220334134377,8820.5303,8366.3091,9443.8545,8080.0906,10156.077,CALCULADA
CPL2,CPL2,B,BAO,b_CPLn2_H0rd,w0,sampled,-0.10365922925783527,0.4080063121399733,-0.076130065,-0.5382334792000001,0.32839041,-0.95050569,0.58173644,CALCULADA
CPL2,CPL2,B,BAO,b_CPLn2_H0rd,w2,sampled,-10.580352670847978,4.640532073064211,-10.737259,-15.517496,-5.7085234,-18.820675,-1.1650095,CALCULADA
CPL2,CPL2,S,SN,s_CPLn2,Omega_m,sampled,0.35055899455110134,0.10523708803736559,0.377535,0.240497,0.44692421,0.082947515,0.4875937,CALCULADA
CPL2,CPL2,S,SN,s_CPLn2,H0,sampled,72.72966465666093,0.3612551399709664,72.727908,72.358935,73.098214,72.026906,73.438541,CALCULADA
CPL2,CPL2,S,SN,s_CPLn2,w0,sampled,-0.9655286291178865,0.17343217060481225,-0.96742918,-1.1367885,-0.78342539,-1.3112812,-0.63242531,CALCULADA
CPL2,CPL2,S,SN,s_CPLn2,w2,sampled,-4.966410457644429,5.858581355739374,-3.515422,-11.648922,0.82098478,-18.239025,2.3901925,CALCULADA
CPL2,CPL2,C,CMB,c_CPLn2,Omega_m,sampled,0.3046183697302284,0.12056777852812928,0.27905325,0.17600695,0.45113516,0.14850308,0.55210108,CALCULADA
CPL2,CPL2,C,CMB,c_CPLn2,H0,sampled,72.85715151132399,14.351927507268433,71.77425,56.439844,90.363912,51.043501,98.341945,CALCULADA
CPL2,CPL2,C,CMB,c_CPLn2,omega_b,sampled,0.022365709619255773,0.00014574031174431412,0.022366705,0.022220893,0.022508837,0.022078064,0.022657011,CALCULADA
CPL2,CPL2,C,CMB,c_CPLn2,w0,sampled,-0.4816374810662014,0.7363204557811492,-0.5271953,-1.2632249,0.33745041,-1.7359223,0.96238334,CALCULADA
CPL2,CPL2,C,CMB,c_CPLn2,w2,sampled,-10.400104254626239,5.901737655559046,-10.730878,-17.155116,-3.4615396,-19.55743,0.56965828,CALCULADA
CPL2,CPL2,BS,BAO + SN,bs_CPLn2_H0rd_sep,Omega_m,sampled,0.29893037079660834,0.06122413357548406,0.31965045,0.26617648,0.3380925672,0.09835705,0.35318919,CALCULADA
CPL2,CPL2,BS,BAO + SN,bs_CPLn2_H0rd_sep,H0,sampled,72.67233672439721,0.33115794784187375,72.673741,72.3442,73.005157,72.020747,73.32162,CALCULADA
CPL2,CPL2,BS,BAO + SN,bs_CPLn2_H0rd_sep,H0rd,sampled,9964.660984882134,110.53795100238241,9964.0832,9855.021044000001,10074.254,9749.7287,10182.273,CALCULADA
CPL2,CPL2,BS,BAO + SN,bs_CPLn2_H0rd_sep,w0,sampled,-0.8570006210106463,0.07536621491669368,-0.86663861,-0.92444294,-0.7957746008,-0.976658724,-0.65235356,CALCULADA
CPL2,CPL2,BS,BAO + SN,bs_CPLn2_H0rd_sep,w2,sampled,-1.5860308188101644,1.8249452645217068,-1.6674755,-3.4268152,0.70966517,-5.1095544,1.3816857,CALCULADA
CPL2,CPL2,CB,CMB + BAO,cb_CPLn2,Omega_m,sampled,0.34082872623783106,0.03163280426107908,0.33858351,0.30898091,0.37286009,0.28503702,0.40803909,CALCULADA
CPL2,CPL2,CB,CMB + BAO,cb_CPLn2,H0,sampled,65.22721057401424,2.9283833697910633,65.192641,62.230507,68.21809,59.638901,70.95843907500002,CALCULADA
CPL2,CPL2,CB,CMB + BAO,cb_CPLn2,omega_b,sampled,0.022336120984638722,0.00014183551115332977,0.0223362275,0.022195876,0.02247598328,0.02205726,0.022616367,CALCULADA
CPL2,CPL2,CB,CMB + BAO,cb_CPLn2,w0,sampled,-0.6398805880809892,0.2448131163652219,-0.65787835,-0.8829693888,-0.39207886040000045,-1.0762830749999999,-0.10950264,CALCULADA
CPL2,CPL2,CB,CMB + BAO,cb_CPLn2,w2,sampled,-3.248402948617031,1.871675428045936,-3.0174986,-5.0817102,-1.4206429,-7.5163723,-0.25604168,CALCULADA
CPL2,CPL2,CS,CMB + SN,cs_CPLn2,Omega_m,sampled,0.27189826304026754,0.003233345851592564,0.27191487999999997,0.26866927,0.27507618,0.26549966125,0.27832712125000003,CALCULADA
CPL2,CPL2,CS,CMB + SN,cs_CPLn2,H0,sampled,72.48385578467118,0.3390046575568873,72.482598,72.145588,72.823074,71.8238925,73.14488525,CALCULADA
CPL2,CPL2,CS,CMB + SN,cs_CPLn2,omega_b,sampled,0.022476898107904496,0.00013850783457157085,0.022476206,0.0223384306,0.02261683,0.022206258375,0.022748507,CALCULADA
CPL2,CPL2,CS,CMB + SN,cs_CPLn2,w0,sampled,-0.7261019236745812,0.055165074661407514,-0.72670819,-0.78116864,-0.67080215,-0.83156325,-0.6173287,CALCULADA
CPL2,CPL2,CS,CMB + SN,cs_CPLn2,w2,sampled,-5.981121115153322,0.9067076854613193,-5.9416387,-6.8830962,-5.0918737,-7.84115205,-4.28294465,CALCULADA
CPL2,CPL2,CBS,CMB + BAO + SN,cbs_CPLn2,Omega_m,sampled,0.2707188028840402,0.0031334427996442156,0.27068385,0.2676163372,0.27389369,0.26459427599999996,0.27673898,CALCULADA
CPL2,CPL2,CBS,CMB + BAO + SN,cbs_CPLn2,H0,sampled,72.9603606995033,0.3377046338006063,72.961239,72.62415032,73.28992,72.301529,73.643585,CALCULADA
CPL2,CPL2,CBS,CMB + BAO + SN,cbs_CPLn2,omega_b,sampled,0.0224301875693704,0.00013681213648115875,0.022430366,0.022292891,0.02257035432,0.0221610849,0.02269017,CALCULADA
CPL2,CPL2,CBS,CMB + BAO + SN,cbs_CPLn2,w0,sampled,-0.8427752323379191,0.052652025211314464,-0.84349073,-0.89484568,-0.790403,-0.94487316,-0.73916278,CALCULADA
CPL2,CPL2,CBS,CMB + BAO + SN,cbs_CPLn2,w2,sampled,-4.813461849041688,0.8639738404077587,-4.7797259,-5.6975377,-3.9472859,-6.57595541,-3.206767190000006,CALCULADA
EXP,Exponential,B,BAO,b_exp_H0rd,Omega_m,sampled,0.35575919065328854,0.07997969736820384,0.37489517,0.29159463,0.42348522,0.12363921,0.45786333,CALCULADA
EXP,Exponential,B,BAO,b_exp_H0rd,H0rd,sampled,9527.361020447059,638.4825273410772,9380.2187,8932.8901,10166.848,8665.7163,11105.066,CALCULADA
EXP,Exponential,B,BAO,b_exp_H0rd,w0,sampled,-0.5433984828186063,0.39833916516449264,-0.42728601,-0.96563533,-0.18018698,-1.5395323,-0.071212101,CALCULADA
EXP,Exponential,B,BAO,b_exp_H0rd,we,sampled,2.92383766746165,2.82940852700594,3.0217805,0.020281946,5.7007115,-2.827511,8.3316952,CALCULADA
EXP,Exponential,S,SN,s_exp,Omega_m,sampled,0.31923793505187337,0.12371126394298243,0.3346385,0.1756315,0.4500416,0.073206313,0.51777757,CALCULADA
EXP,Exponential,S,SN,s_exp,H0,sampled,72.70060652772116,0.41492374172963264,72.700477,72.288618,73.1179,71.888674,73.502709,CALCULADA
EXP,Exponential,S,SN,s_exp,w0,sampled,-0.8823800361740461,0.14164591438894197,-0.87013409,-1.024294,-0.74354692,-1.1971958,-0.63731439,CALCULADA
EXP,Exponential,S,SN,s_exp,we,sampled,0.8222016385777546,1.8682868519473657,0.47941568,-0.93073132,2.6101782,-1.8894873,5.3526875,CALCULADA
EXP,Exponential,C,CMB,c_exp,Omega_m,sampled,0.2779442120218945,0.10934627821962181,0.24830147,0.17082598,0.40108618,0.14774997,0.53683663,CALCULADA
EXP,Exponential,C,CMB,c_exp,H0,sampled,75.85787728526469,13.747977398907885,76.119502,59.890178,91.73228,51.783233,98.628947,CALCULADA
EXP,Exponential,C,CMB,c_exp,omega_b,sampled,0.022364979140300528,0.00014441059526096414,0.022365046,0.022221291,0.022508702,0.022080316,0.02264795,CALCULADA
EXP,Exponential,C,CMB,c_exp,w0,sampled,-0.9630814033795745,0.7526420516426496,-0.7635207,-1.8166458,-0.22128931,-2.7167839,-0.048733517,CALCULADA
EXP,Exponential,C,CMB,c_exp,we,sampled,2.45699529708408,3.841505742128795,1.6764507,-1.4916873,6.8940659,-2.7527005,10.854197,CALCULADA
EXP,Exponential,BS,BAO + SN,bs_exp_H0rd_sep,Omega_m,sampled,0.30609352201509776,0.03893275241862899,0.31395197,0.28496285,0.33357172,0.19019604,0.34911627,CALCULADA
EXP,Exponential,BS,BAO + SN,bs_exp_H0rd_sep,H0,sampled,72.65408034776762,0.36503604727617267,72.647834,72.2991184,73.005175,71.944616,73.400767,CALCULADA
EXP,Exponential,BS,BAO + SN,bs_exp_H0rd_sep,H0rd,sampled,9951.340643568477,109.1462094572063,9951.0245,9842.9584,10058.928,9738.7518,10169.393,CALCULADA
EXP,Exponential,BS,BAO + SN,bs_exp_H0rd_sep,w0,sampled,-0.8412741311120283,0.07174875061429392,-0.84132212,-0.91228455,-0.76962612,-0.9810028,-0.69843719,CALCULADA
EXP,Exponential,BS,BAO + SN,bs_exp_H0rd_sep,we,sampled,0.5139644181136678,0.7671363964806099,0.57939422,-0.17279385,1.2348406,-1.3874693,1.843414,CALCULADA
EXP,Exponential,CB,CMB + BAO,cb_exp,Omega_m,sampled,0.33344427334063054,0.028154547404987344,0.3340582,0.30552973,0.36106541,0.27738737,0.38676291,CALCULADA
EXP,Exponential,CB,CMB + BAO,cb_exp,H0,sampled,65.85453839764858,2.782714866993619,65.609644,63.174712,68.537064,61.125657,71.912973,CALCULADA
EXP,Exponential,CB,CMB + BAO,cb_exp,omega_b,sampled,0.022355843107217218,0.00014423828508782724,0.022354642,0.022212734,0.0224983582,0.022074368,0.022642045,CALCULADA
EXP,Exponential,CB,CMB + BAO,cb_exp,w0,sampled,-0.6367832153500296,0.2292859610945778,-0.61618419,-0.85779506,-0.41689761,-1.1333105,-0.245488,CALCULADA
EXP,Exponential,CB,CMB + BAO,cb_exp,we,sampled,1.6311756664200565,1.0159148266031726,1.5223517,0.67525418,2.5545009,-0.023179789,3.9761891,CALCULADA
EXP,Exponential,CS,CMB + SN,cs_exp,Omega_m,sampled,0.2733643859562405,0.0033109446997908036,0.27335761,0.27004675,0.27668847,0.26682177500000004,0.27983065,CALCULADA
EXP,Exponential,CS,CMB + SN,cs_exp,H0,sampled,72.27013913372801,0.33855495878800207,72.265426,71.933076,72.607819,71.616924,72.95625174999999,CALCULADA
EXP,Exponential,CS,CMB + SN,cs_exp,omega_b,sampled,0.022483233269543754,0.0001434233158302342,0.022481237,0.0223399968,0.022626751,0.022203781,0.022765909,CALCULADA
EXP,Exponential,CS,CMB + SN,cs_exp,w0,sampled,-0.6143426620753264,0.05755730444399125,-0.61339308,-0.67159913,-0.55634148,-0.72967114,-0.50561095,CALCULADA
EXP,Exponential,CS,CMB + SN,cs_exp,we,sampled,2.4751873434486082,0.36106676889975603,2.4604981,2.1184625,2.8384795,1.7980549,3.2106975,CALCULADA
EXP,Exponential,CBS,CMB + BAO + SN,cbs_exp,Omega_m,sampled,0.27186611924305576,0.0031916852108774263,0.27186553,0.26871519,0.27500013,0.26557725,0.27824798,CALCULADA
EXP,Exponential,CBS,CMB + BAO + SN,cbs_exp,H0,sampled,72.76153489151535,0.3292166371117754,72.757666,72.43928936,73.084143,72.10731,73.417894,CALCULADA
EXP,Exponential,CBS,CMB + BAO + SN,cbs_exp,omega_b,sampled,0.022446794513334693,0.0001374640712957248,0.022449056000000002,0.022311567,0.022581202,0.022175282,0.022716145,CALCULADA
EXP,Exponential,CBS,CMB + BAO + SN,cbs_exp,w0,sampled,-0.7370029946706403,0.05670004117075654,-0.7357357449999999,-0.79244409,-0.68050718,-0.85225389,-0.6306097635000001,CALCULADA
EXP,Exponential,CBS,CMB + BAO + SN,cbs_exp,we,sampled,1.9041044247663879,0.3089705061959387,1.898852,1.596082896,2.2111737,1.3020188,2.5304819,CALCULADA
